{
  "train_loss": [
    0.7852661187034131,
    0.745476968417614,
    0.6741348636952919,
    0.6214568977089743,
    0.5807300654146668,
    0.5494412949324046,
    0.5242087869808592,
    0.4943680573566794,
    0.4673464854949801,
    0.4460102004860031,
    0.41858035646048675,
    0.3955541063314197,
    0.3770853781249919,
    0.3521764288590655,
    0.3375731947974031
  ],
  "val_loss": [
    0.7762615743312723,
    0.70749439460544,
    0.6534393562819718,
    0.6138234549420333,
    0.5919446164029097,
    0.5712501619179939,
    0.5638499641919402,
    0.5589862875615932,
    0.5493008105361924,
    0.5490370051921862,
    0.5617125374427064,
    0.5815359535611779,
    0.5955588321739016,
    0.5954161774384216,
    0.6250678840939027
  ],
  "train_accuracy": [
    0.540229856967926,
    0.6426929235458374,
    0.6937602758407593,
    0.7390804886817932,
    0.7678160667419434,
    0.7868636846542358,
    0.7990148067474365,
    0.8144499063491821,
    0.8233169317245483,
    0.8361247777938843,
    0.8476190567016602,
    0.8609195351600647,
    0.8697865605354309,
    0.8824301958084106,
    0.88702791929245
  ],
  "val_accuracy": [
    0.6460932493209839,
    0.6520026326179504,
    0.7196323275566101,
    0.75114905834198,
    0.7603414058685303,
    0.7655942440032959,
    0.7747865915298462,
    0.7734733819961548,
    0.7833223938941956,
    0.7971109747886658,
    0.7898883819580078,
    0.7885751724243164,
    0.7833223938941956,
    0.7885751724243164,
    0.7852922081947327
  ],
  "val_precision": [
    0.6196581125259399,
    0.5825375318527222,
    0.7213438749313354,
    0.7509225010871887,
    0.7718631029129028,
    0.747474730014801,
    0.8080000281333923,
    0.7491856813430786,
    0.7860962748527527,
    0.7714285850524902,
    0.7800338268280029,
    0.839175283908844,
    0.7609755992889404,
    0.8157389760017395,
    0.79347825050354
  ],
  "val_recall": [
    0.4454685151576996,
    0.6559139490127563,
    0.560675859451294,
    0.6251919865608215,
    0.6236559152603149,
    0.6820276379585266,
    0.620583713054657,
    0.7066051959991455,
    0.6774193644523621,
    0.7465437650680542,
    0.7081413269042969,
    0.6251919865608215,
    0.7188940048217773,
    0.6528418064117432,
    0.6728110313415527
  ],
  "val_f1": [
    0.5183199048042297,
    0.6170520186424255,
    0.6309421062469482,
    0.6823135018348694,
    0.6898895502090454,
    0.7132530212402344,
    0.701998233795166,
    0.7272727489471436,
    0.7277227640151978,
    0.7587822079658508,
    0.7423510551452637,
    0.716549277305603,
    0.7393364906311035,
    0.7252559661865234,
    0.7281795740127563
  ],
  "lr": [
    0.0003,
    0.0003,
    0.0003,
    0.0003,
    0.0003,
    0.0003,
    0.0003,
    0.0003,
    0.0003,
    0.0003,
    0.0003,
    0.0003,
    0.0003,
    0.0003,
    0.0003
  ]
}